,Rank,Country Code,Country/Territory,Capital,Continent,2023 Population,2022 Population,2021 Population,2020 Population,2015 Population,2010 Population,2000 Population,Area (km²),Density (per km²),Growth Rate (2023),World Population Percentage (2023)
0,36,AFG,Afghanistan,Kabul,Asia,"42,010,107",41128771,"40,374,668",38972230,33753499,28189672,19542982,652230,63.0587,2.7%,0.53%
1,138,ALB,Albania,Tirana,Europe,"2,834,370",2842321,"2,869,700",2866849,2882481,2913399,3182021,28748,98.8702,-0.35%,0.04%
2,34,DZA,Algeria,Algiers,Africa,"45,466,187",44903225,"45,061,896",43451666,39543154,35856344,30774621,2381741,18.8531,1.57%,0.57%
3,213,ASM,American Samoa,Pago Pago,Oceania,"43,914",44273,"55,100",46189,51368,54849,58230,199,222.4774,-0.81%,0%
4,203,AND,Andorra,Andorra la Vella,Europe,"80,088",79824,"77,355",77700,71746,71519,66097,468,170.5641,0.33%,0%
5,42,AGO,Angola,Luanda,Africa,"36,457,673",35588987,"34,566,172",33428485,28127721,23364185,16394062,1246700,28.5466,3.08%,0.46%
6,224,AIA,Anguilla,The Valley,North America,"15,899",15857,"15,117",15585,14525,13172,11047,91,174.2527,0.26%,0%
7,201,ATG,Antigua and Barbuda,Saint John’s,North America,,93763,,92664,89941,85695,75055,442,212.1335,,
8,33,ARG,Argentina,Buenos Aires,South America,"45,715,321",45510318,"45,847,428",45036032,43257065,41100123,37070774,2780400,16.3683,0.58%,0.57%
9,140,ARM,Armenia,Yerevan,Asia,"2,777,970",2780469,"2,970,929",2805608,2878595,2946293,3168523,29743,93.4831,-0.09%,0.03%
10,198,ABW,Aruba,Oranjestad,North America,"106,277",106445,"107,204",106585,104257,100341,89101,180,591.3611,-0.16%,0%
11,55,AUS,Australia,Canberra,Oceania,"26,385,697",26177413,"25,959,987",25670051,23820236,22019168,19017963,7692024,3.4032,1%,0.33%
12,99,AUT,Austria,Vienna,Europe,"8,955,099",8939617,"9,065,484",8907777,8642421,8362829,8010428,83871,106.5877,0.22%,0.11%
13,91,AZE,Azerbaijan,Baku,Asia,"10,401,711",10358074,"10,272,912",10284951,9863480,9237202,8190337,86600,119.6082,0.53%,0.13%
14,176,BHS,Bahamas,Nassau,North America,"411,979",409984,"399,068",406471,392697,373272,325014,13943,29.4043,0.64%,0.01%
15,154,BHR,Bahrain,Manama,Asia,"1,482,935",1472233,"1,775,452",1477469,1362142,1213645,711442,765,1924.4876,0.9%,0.02%
16,8,BGD,Bangladesh,Dhaka,Asia,"172,595,863",171186372,"167,247,491",167420951,157830000,148391139,129193327,147570,1160.035,1.03%,2.16%
17,186,BRB,Barbados,Bridgetown,North America,"281,995",281635,"287,927",280693,278083,274711,264657,430,654.9651,0.13%,0%
18,96,BLR,Belarus,Minsk,Europe,"9,507,248",9534954,"9,438,767",9633740,9700609,9731427,10256483,207600,45.9295,-0.39%,0.12%
19,81,BEL,Belgium,Brussels,Europe,"11,680,348",11655930,"11,658,404",11561717,11248303,10877947,10264343,30528,381.8111,0.26%,0.15%
20,177,BLZ,Belize,Belmopan,North America,"409,538",405272,"409,224",394921,359871,322106,240406,22966,17.6466,1.37%,0.01%
21,77,BEN,Benin,Porto-Novo,Africa,"13,638,820",13352864,"12,644,580",12643123,10932783,9445710,6998023,112622,118.5635,2.7%,0.17%
22,206,BMU,Bermuda,Hamilton,North America,"64,069",64184,"62,090",64031,63144,63447,61371,54,1188.5926,-0.18%,0%
23,165,BTN,Bhutan,Thimphu,Asia,"786,137",782455,"784,855",772506,743274,705516,587207,38394,20.3796,0.64%,0.01%
24,80,BOL,Bolivia,Sucre,South America,"12,351,889",12224110,"11,927,124",11936162,11090085,10223270,8592656,1098581,11.1272,1.35%,0.15%
25,137,BIH,Bosnia and Herzegovina,Sarajevo,Europe,,3233526,,3318407,3524324,3811088,4179350,51209,63.1437,,
26,144,BWA,Botswana,Gaborone,Africa,"2,666,342",2630296,"2,423,535",2546402,2305171,2091664,1726985,582000,4.5194,1.71%,0.03%
27,7,BRA,Brazil,Brasilia,South America,"216,169,532",215313498,"214,832,901",213196304,205188205,196353492,175873720,8515767,25.2841,0.52%,2.7%
28,221,VGB,British Virgin Islands,Road Town,North America,,31305,,30910,29366,27556,20104,151,207.3179,,
29,175,BRN,Brunei,Bandar Seri Begawan,Asia,"451,880",449002,"443,903",441725,421437,396053,333926,5765,77.8841,0.78%,0.01%
30,108,BGR,Bulgaria,Sofia,Europe,"6,705,093",6781953,"6,866,274",6979175,7309253,7592273,8097691,110879,61.1654,-1.39%,0.08%
31,58,BFA,Burkina Faso,Ouagadougou,Africa,"23,132,429",22673762,"21,847,968",21522626,18718019,16116845,11882888,272967,83.0641,2.55%,0.29%
32,78,BDI,Burundi,Bujumbura,Africa,"13,167,125",12889576,"12,469,663",12220227,10727148,9126605,6307659,27834,463.0874,2.71%,0.17%
33,73,KHM,Cambodia,Phnom Penh,Asia,"16,908,144",16767842,"17,080,063",16396860,15417523,14363532,12118841,181035,92.6221,1.06%,0.21%
34,53,CMR,Cameroon,Yaounde,Africa,"28,496,059",27914536,"27,624,492",26491087,23012646,19878036,15091594,475442,58.7128,2.63%,0.36%
35,39,CAN,Canada,Ottawa,North America,"38,714,362",38454327,"38,261,228",37888705,35732126,33963412,30683313,9984670,3.8513,0.85%,0.48%
36,171,CPV,Cape Verde,Praia,Africa,"597,395",593149,"565,346",582640,552166,521212,458251,4033,147.0739,0.93%,0.01%
37,205,CYM,Cayman Islands,George Town,North America,"69,310",68706,"66,497",67311,60911,54074,39658,264,260.25,0.88%,0%
38,117,CAF,Central African Republic,Bangui,Africa,"5,708,207",5579144,"4,971,922",5343020,4819333,4660067,3759170,622984,8.9555,2.92%,0.07%
39,69,TCD,Chad,N'Djamena,Africa,"18,164,016",17723315,"17,203,787",16644701,14140274,11894727,8259137,1284000,13.8032,3.13%,0.23%
40,65,CHL,Chile,Santiago,South America,"19,623,798",19603733,"19,275,294",19300315,17870124,17004162,15351799,756102,25.9274,0.13%,0.25%
41,1,CHN,China,Beijing,Asia,"1,425,744,073",1425887337,"1,447,065,329",1424929781,1393715448,1348191368,1264099069,9706961,146.8933,-0.02%,17.81%
42,28,COL,Colombia,Bogota,South America,"52,033,684",51874024,"51,504,213",50930662,47119728,44816108,39215135,1141748,45.4339,0.41%,0.65%
43,163,COM,Comoros,Moroni,Africa,"848,857",836774,"899,658",806166,730216,656024,536758,1862,449.3953,1.83%,0.01%
44,223,COK,Cook Islands,Avarua,Oceania,"17,044",17011,"17,565",17029,17695,17212,15897,236,72.0805,0.19%,0%
45,124,CRI,Costa Rica,San José,North America,"5,205,094",5180829,"5,165,346",5123105,4895242,4622252,3979193,51100,101.3861,0.6%,0.07%
46,130,HRV,Croatia,Zagreb,Europe,"4,013,122",4030358,"4,067,642",4096868,4254815,4368682,4548434,56594,71.2153,-0.54%,0.05%
47,85,CUB,Cuba,Havana,North America,"11,198,310",11212191,"11,312,548",11300698,11339894,11290417,11105791,109884,102.0366,-0.16%,0.14%
48,189,CUW,Curacao,Willemstad,North America,"192,077",191163,"165,229",189288,169572,159380,141424,444,430.5473,0.48%,0%
49,158,CYP,Cyprus,Nicosia,Europe,"1,258,207",1251488,"1,220,541",1237537,1187280,1129686,948237,9251,135.2814,0.69%,0.02%
50,88,CZE,Czech Republic,Prague,Europe,"10,493,364",10493986,"10,732,960",10530953,10523798,10464749,10234710,78865,133.0627,0.01%,0.13%
51,115,DNK,Denmark,Copenhagen,Europe,"5,905,121",5882261,"5,825,798",5825641,5677796,5550849,5340655,43094,136.4984,0.49%,0.07%
52,160,DJI,Djibouti,Djibouti,Africa,"1,133,237",1120849,"1,010,377",1090156,1006259,919199,742033,23200,48.3125,1.39%,0.01%
53,204,DMA,Dominica,Roseau,North America,"73,040",72737,"72,167",71995,70007,68755,68346,751,96.8535,0.42%,0%
54,84,DOM,Dominican Republic,Santo Domingo,North America,"11,312,378",11228821,"11,015,774",10999664,10405832,9775755,8540791,48671,230.7087,0.93%,0.14%
55,15,COD,DR Congo,Kinshasa,Africa,,99010212,,92853164,78656904,66391257,48616317,2344858,42.2244,,
56,67,ECU,Ecuador,Quito,South America,"18,151,871",18001000,"18,033,738",17588595,16195902,14989585,12626507,276841,65.0229,1.05%,0.23%
57,14,EGY,Egypt,Cairo,Africa,"112,362,003",110990103,"105,390,688",107465134,97723799,87252413,71371371,1002450,110.7188,1.56%,1.41%
58,112,SLV,El Salvador,San Salvador,North America,"6,358,508",6336392,"6,537,250",6292731,6231066,6114034,5958482,21041,301.145,0.45%,0.08%
59,152,GNQ,Equatorial Guinea,Malabo,Africa,"1,706,305",1674908,"1,477,483",1596049,1346973,1094524,684977,28051,59.7094,2.37%,0.02%
60,132,ERI,Eritrea,Asmara,Africa,"3,735,386",3684032,"3,633,796",3555868,3340006,3147727,2392880,117600,31.3268,1.76%,0.05%
61,156,EST,Estonia,Tallinn,Europe,"1,323,409",1326062,"1,324,323",1329444,1314657,1331535,1396877,45227,29.3201,-0.25%,0.02%
62,159,SWZ,Eswatini,Mbabane,Africa,,1201670,,1180655,1133936,1099920,1030496,17364,69.2047,,
63,12,ETH,Ethiopia,Addis Ababa,Africa,"125,878,364",123379924,"119,590,501",117190911,102471895,89237791,67031867,1104300,111.7268,2.55%,1.58%
64,231,FLK,Falkland Islands,Stanley,South America,"3,791",3780,"3,533",3747,3408,3187,3080,12173,0.3105,0.29%,FLK
65,209,FRO,Faroe Islands,Tórshavn,Europe,"53,270",53090,"49,049",52415,48816,48410,45660,1393,38.112,0.34%,0%
66,162,FJI,Fiji,Suva,Oceania,"935,088",929766,"906,570",920422,917200,905169,832509,18272,50.8847,0.71%,0.01%
67,118,FIN,Finland,Helsinki,Europe,"5,544,831",5540745,"5,553,102",5529468,5479461,5363271,5176209,338424,16.3722,0.09%,0.07%
68,23,FRA,France,Paris,Europe,"64,730,842",64626628,"65,520,147",64480053,63809769,62444567,58665453,551695,117.1419,0.2%,0.81%
69,184,GUF,French Guiana,Cayenne,South America,,304557,,290969,257026,228453,164351,83534,3.6459,,
70,183,PYF,French Polynesia,Papeete,Oceania,"308,228",306279,"283,392",301920,291787,283788,250927,4167,73.5011,0.85%,0%
71,146,GAB,Gabon,Libreville,Africa,"2,426,913",2388992,"2,310,507",2292573,2028517,1711105,1272935,267668,8.9252,1.99%,0.03%
72,142,GMB,Gambia,Banjul,Africa,"2,759,010",2705992,"2,528,326",2573995,2253133,1937275,1437539,10689,253.1567,2.48%,0.03%
73,131,GEO,Georgia,Tbilisi,Asia,"3,731,500",3744385,"3,973,946",3765912,3771132,3836831,4265172,69700,53.7214,-0.43%,0.05%
74,19,DEU,Germany,Berlin,Europe,"83,302,356",83369843,"83,975,691",83328988,82073226,81325090,81551677,357114,233.4544,-0.09%,1.04%
75,47,GHA,Ghana,Accra,Africa,"33,989,414",33475870,"32,120,718",32180401,28870939,25574719,19665502,238533,140.3406,1.93%,0.43%
76,219,GIB,Gibraltar,Gibraltar,Europe,"32,688",32649,"33,698",32709,32520,31262,27741,6,5441.5,0.12%,0%
77,90,GRC,Greece,Athens,Europe,"10,349,000",10384971,"10,340,571",10512232,10806641,11033783,11038109,131990,78.68,-0.42%,0.13%
78,208,GRL,Greenland,Nuuk,North America,"56,643",56466,"56,877",56026,55895,56351,56184,2166086,0.0261,0.31%,0%
79,193,GRD,Grenada,Saint George's,North America,"126,183",125438,"113,237",123663,118980,114039,107432,344,364.6453,0.59%,0%
80,178,GLP,Guadeloupe,Basse-Terre,North America,,395752,,395642,399089,403072,424067,1628,243.0909,,
81,191,GUM,Guam,Hagåtña,Oceania,"172,952",171774,"171,041",169231,167978,164905,160188,549,312.8852,0.69%,0%
82,68,GTM,Guatemala,Guatemala City,North America,"18,040,542",17843908,"18,446,417",17362718,16001107,14543121,11735894,108889,163.8725,1.39%,0.23%
83,207,GGY,Guernsey,Saint Peter Port,Europe,,63301,,62794,61629,60782,59114,78,811.5513,,
84,75,GIN,Guinea,Conakry,Africa,"14,122,396",13859341,"13,709,966",13205153,11625998,10270728,8336967,245857,56.3716,2.39%,0.18%
85,149,GNB,Guinea-Bissau,Bissau,Africa,,2105566,,2015828,1788919,1567220,1230849,36125,58.2856,,
86,164,GUY,Guyana,Georgetown,South America,"812,547",808726,"792,481",797202,755031,747932,759051,214969,3.7621,0.63%,0.01%
87,82,HTI,Haiti,Port-au-Prince,North America,"11,695,803",11584996,"11,623,799",11306801,10563757,9842880,8360225,27750,417.4773,1.21%,0.15%
88,89,HND,Honduras,Tegucigalpa,North America,"10,559,690",10432860,"10,156,097",10121763,9294505,8450933,6656725,112492,92.7431,1.54%,0.13%
89,104,HKG,Hong Kong,Hong Kong,Asia,"7,490,322",7488865,"7,585,785",7500958,7399838,7132438,6731195,1104,6783.3922,0.04%,0.09%
90,94,HUN,Hungary,Budapest,Europe,"10,192,921",9967308,"9,618,215",9750573,9844246,9986825,10202055,93028,107.1431,1.9%,0.13%
91,179,ISL,Iceland,Reykjavík,Europe,"374,674",372899,"344,646",366669,331060,318333,281462,103000,3.6204,0.65%,0%
92,2,IND,India,New Delhi,Asia,"1,425,935,059",1417173173,"1,401,310,563",1396387127,1322866505,1240613620,1059633675,3287590,431.0675,0.81%,17.85%
93,4,IDN,Indonesia,Jakarta,Asia,"277,066,263",275501339,"278,037,263",271857970,259091970,244016173,214072421,1904569,144.6529,0.74%,3.47%
94,17,IRN,Iran,Tehran,Asia,"89,038,909",88550570,"85,627,052",87290193,81790841,75373855,65544383,1648195,53.7258,0.7%,1.11%
95,35,IRQ,Iraq,Baghdad,Asia,"45,297,338",44496122,"41,750,703",42556984,37757813,31264875,24628858,438317,101.5158,2.27%,0.57%
96,125,IRL,Ireland,Dublin,Europe,"5,049,856",5023109,"5,008,554",4946119,4665760,4524585,3768950,70273,71.4799,0.67%,0.06%
97,202,IMN,Isle of Man,Douglas,Europe,,84519,,84046,83593,83828,75562,572,147.7605,,
98,98,ISR,Israel,Jerusalem,Asia,"9,146,847",9038309,"8,868,656",8757489,8007778,7328445,6116958,20770,435.1617,1.51%,0.11%
99,25,ITA,Italy,Rome,Europe,"58,905,514",59037474,"60,320,493",59500579,60232906,59822450,56966397,301336,195.9191,-0.28%,0.74%
100,52,CIV,Ivory Coast,Yamoussoukro,Africa,"28,725,018",28160542,"27,451,054",26811790,23596741,21120042,16799670,322463,87.3295,2.53%,0.36%
101,139,JAM,Jamaica,Kingston,North America,"2,825,544",2827377,"2,980,575",2820436,2794445,2733896,2612205,10991,257.2447,-0.06%,0.04%
102,11,JPN,Japan,Tokyo,Asia,"123,429,015",123951692,"125,802,521",125244761,127250933,128105431,126803861,377930,327.9753,-0.53%,1.54%
103,195,JEY,Jersey,Saint Helier,Europe,,110778,,108319,100561,96151,86192,116,954.9828,,
104,83,JOR,Jordan,Amman,Asia,"11,328,042",11285869,"10,322,902",10928721,9494246,6931258,5056174,89342,126.3221,0.45%,0.14%
105,66,KAZ,Kazakhstan,Nursultan,Asia,"19,563,515",19397998,"19,123,199",18979243,17835909,16627837,15236253,2724900,7.1188,1.08%,0.24%
106,27,KEN,Kenya,Nairobi,Africa,"54,877,918",54027487,"55,703,607",51985780,46851488,41517895,30851606,580367,93.0919,1.99%,0.69%
107,192,KIR,Kiribati,Tarawa,Oceania,"132,871",131232,"122,470",126463,116707,107995,88826,811,161.815,1.74%,0%
108,129,KWT,Kuwait,Kuwait City,Asia,"4,301,742",4268873,"4,366,698",4360444,3908743,2943356,1934901,17818,239.5821,0.97%,0.05%
109,110,KGZ,Kyrgyzstan,Bishkek,Asia,"6,714,110",6630623,"6,689,349",6424874,5914980,5483774,4935182,199951,33.1612,1.58%,0.08%
110,103,LAO,Laos,Vientiane,Asia,"7,612,542",7529475,"7,439,920",7319399,6787419,6323418,5430853,236800,31.7968,1.39%,0.1%
111,151,LVA,Latvia,Riga,Europe,"1,834,072",1850651,"1,855,735",1897052,1991955,2101530,2392530,64559,28.666,-1.1%,0.02%
112,119,LBN,Lebanon,Beirut,Asia,"5,382,890",5489739,"6,752,766",5662923,6398940,4995800,4320642,10452,525.2334,-2.47%,0.07%
113,147,LSO,Lesotho,Maseru,Africa,"2,325,170",2305825,"2,169,209",2254100,2118521,2022747,1998630,30355,75.962,1.06%,0.03%
114,121,LBR,Liberia,Monrovia,Africa,"5,394,566",5302681,"5,252,834",5087584,4612329,4019956,2895224,111369,47.6136,2.18%,0.07%
115,107,LBY,Libya,Tripoli,Africa,"6,872,943",6812341,"7,007,887",6653942,6192235,6491988,5154790,1759540,3.8717,1.12%,0.09%
116,216,LIE,Liechtenstein,Vaduz,Europe,"39,584",39327,"38,250",38756,37355,35926,33026,160,245.7937,0.65%,0%
117,141,LTU,Lithuania,Vilnius,Europe,"2,723,500",2750055,"2,670,680",2820267,2963765,3139019,3599637,65300,42.1142,-1.15%,0.03%
118,168,LUX,Luxembourg,Luxembourg,Europe,"653,481",647599,"640,202",630399,569408,507070,435628,2586,250.425,1.11%,0.01%
119,167,MAC,Macau,Concelho de Macau,Asia,"702,218",695168,"663,998",676283,615239,557297,431896,30,23172.2667,1.29%,0.01%
120,50,MDG,Madagascar,Antananarivo,Africa,"30,177,716",29611714,"28,860,961",28225177,24850912,21731053,16216431,587041,50.4423,2.41%,0.38%
121,62,MWI,Malawi,Lilongwe,Africa,"20,822,991",20405317,"19,953,296",19377061,16938942,14718422,11229387,118484,172.22,2.58%,0.26%
122,45,MYS,Malaysia,Kuala Lumpur,Asia,"34,233,873",33938221,"33,015,425",33199993,31068833,28717731,22945150,330803,102.5934,1.09%,0.43%
123,174,MDV,Maldives,Malé,Asia,"521,665",523787,"546,203",514438,435582,361575,282507,300,1745.9567,-0.53%,0.01%
124,59,MLI,Mali,Bamako,Africa,"23,148,900",22593590,"21,212,426",21224040,18112907,15529181,11239101,1240192,18.2178,3.1%,0.29%
125,173,MLT,Malta,Valletta,Europe,"534,420",533286,"443,646",515357,456579,418755,399212,316,1687.6139,0.33%,0.01%
126,215,MHL,Marshall Islands,Majuro,Oceania,"41,996",41569,"59,610",43413,49410,53416,54224,181,229.663,1.03%,0%
127,180,MTQ,Martinique,Fort-de-France,North America,"366,981",367507,"374,314",370391,383515,392181,432543,1128,325.8041,-0.14%,0%
128,126,MRT,Mauritania,Nouakchott,Africa,"4,836,604",4736139,"4,848,828",4498604,3946220,3419461,2695003,1030700,4.5951,2.68%,0.06%
129,157,MUS,Mauritius,Port Louis,Africa,"1,300,557",1299469,"1,274,295",1297828,1293153,1283330,1215930,2040,636.9946,0.08%,0.02%
130,182,MYT,Mayotte,Mamoudzou,Africa,"334,064",326101,"283,394",305587,249545,211786,159215,374,871.9278,3.03%,0%
131,10,MEX,Mexico,Mexico City,North America,"128,263,146",127504125,"131,046,075",125998302,120149897,112532401,97873442,1964375,64.9082,0.75%,1.6%
132,194,FSM,Micronesia,Palikir,Oceania,"115,224",114164,"116,901",112106,109462,107588,111709,702,162.6268,0.93%,0%
133,135,MDA,Moldova,Chisinau,Europe,"3,461,029",3272996,"4,017,984",3084847,3277388,3678186,4251573,33846,96.7026,4.98%,0.04%
134,217,MCO,Monaco,Monaco,Europe,"36,297",36469,"39,511",36922,36760,33178,32465,2,18234.5,-0.47%,0%
135,134,MNG,Mongolia,Ulaanbaatar,Asia,"3,437,504",3398366,"3,359,247",3294335,2964749,2702520,2450979,1564110,2.1727,1.44%,0.04%
136,169,MNE,Montenegro,Podgorica,Europe,"626,485",627082,"628,053",629048,633966,631044,633324,13812,45.4012,-0.1%,0.01%
137,230,MSR,Montserrat,Brades,North America,"4,386",4390,"4,977",4500,5059,4938,5138,102,43.0392,-0.09%,MSR
138,40,MAR,Morocco,Rabat,Africa,"37,762,818",37457971,"37,599,544",36688772,34680458,32464865,28554415,446550,83.883,1.02%,0.47%
139,48,MOZ,Mozambique,Maputo,Africa,"33,703,003",32969517,"32,696,683",31178239,26843246,23073723,17768505,801590,41.1302,2.81%,0.42%
140,26,MMR,Myanmar,Nay Pyi Taw,Asia,"54,497,554",54179306,"55,037,700",53423198,51483949,49390988,45538332,676578,80.0784,0.74%,0.68%
141,145,NAM,Namibia,Windhoek,Africa,"2,596,449",2567012,"2,614,500",2489098,2282704,2099271,1819141,825615,3.1092,1.45%,0.03%
142,225,NRU,Nauru,Yaren,Oceania,"12,780",12668,"10,876",12315,11185,10241,10377,21,603.2381,0.88%,0%
143,49,NPL,Nepal,Kathmandu,Asia,"30,825,800",30547580,"29,960,704",29348627,27610325,27161567,24559500,147181,207.5511,1.14%,0.39%
144,71,NLD,Netherlands,Amsterdam,Europe,"17,607,359",17564014,"17,195,298",17434557,17041107,16617116,15899135,41850,419.6897,0.31%,0.22%
145,185,NCL,New Caledonia,Nouméa,Oceania,"292,347",289950,"289,727",286403,283032,261426,221537,18575,15.6097,1.05%,0%
146,123,NZL,New Zealand,Wellington,Oceania,"5,219,734",5185288,"4,883,704",5061133,4590590,4346338,3855266,270467,19.1716,0.83%,0.07%
147,106,NIC,Nicaragua,Managua,North America,"7,026,360",6948392,"6,748,507",6755895,6298598,5855734,5123222,130373,53.2962,1.41%,0.09%
148,54,NER,Niger,Niamey,Africa,"26,996,264",26207977,"25,677,816",24333639,20128124,16647543,11622665,1267000,20.6851,3.8%,0.34%
149,6,NGA,Nigeria,Abuja,Africa,"222,723,472",218541212,"214,507,696",208327405,183995785,160952853,122851984,923768,236.5759,2.41%,2.8%
150,232,NIU,Niue,Alofi,Oceania,"1,935",1934,"1,619",1942,1847,1812,2074,260,7.4385,0.05%,NIU
151,56,PRK,North Korea,Pyongyang,Asia,"26,142,802",26069416,"25,950,189",25867467,25258015,24686435,23367059,120538,216.2755,0.35%,0.33%
152,150,MKD,North Macedonia,Skopje,Europe,"2,086,966",2093599,"2,082,011",2111072,2107962,2093828,2037936,25713,81.4218,-0.38%,0.03%
153,210,NFK,Northern Mariana Islands,Saipan,Oceania,"49,796",49551,"57,917",49587,51514,54087,80338,464,106.7909,0.49%,0%
154,120,NOR,Norway,Oslo,Europe,"5,465,994",5434319,"5,492,570",5379839,5190356,4889741,4491202,323802,16.7828,0.74%,0.07%
155,127,OMN,Oman,Muscat,Asia,"4,630,226",4576298,"5,296,006",4543399,4191776,2881914,2344253,309500,14.7861,1.49%,0.06%
156,5,PAK,Pakistan,Islamabad,Asia,"239,523,554",235824862,"227,724,796",227196741,210969298,194454498,154369924,881912,267.4018,1.98%,3%
157,222,PLW,Palau,Ngerulmud,Oceania,"18,058",18055,"18,169",17972,17794,18540,19726,459,39.3355,0.02%,0%
158,122,PSE,Palestine,Ramallah,Asia,"5,346,132",5250072,"5,293,440",5019401,4484614,3992278,3139954,6220,844.063,2.31%,0.07%
159,128,PAN,Panama,Panama City,North America,"4,455,860",4408581,"4,420,589",4294396,3957099,3623617,3001731,75417,58.4561,1.35%,0.06%
160,93,PNG,Papua New Guinea,Port Moresby,Oceania,"10,291,962",10142619,"9,220,306",9749640,8682174,7583269,5508297,462840,21.9139,1.85%,0.13%
161,109,PRY,Paraguay,Asunción,South America,"6,844,148",6780744,"7,270,717",6618695,6177950,5768613,5123819,406752,16.6705,1.19%,0.09%
162,44,PER,Peru,Lima,South America,"34,285,146",34049588,"33,587,011",33304756,30711863,29229572,26654439,1285216,26.4933,0.89%,0.43%
163,13,PHL,Philippines,Manila,Asia,"116,976,338",115559009,"111,913,102",112190977,103031365,94636700,77958223,342353,337.5434,1.54%,1.47%
164,37,POL,Poland,Warsaw,Europe,"41,210,122",39857145,"37,764,461",38428366,38553146,38597353,38504431,312679,127.4698,2.93%,0.51%
165,92,PRT,Portugal,Lisbon,Europe,"10,252,753",10270865,"10,150,252",10298192,10365435,10588401,10300626,92090,111.5307,-0.23%,0.13%
166,136,PRI,Puerto Rico,San Juan,North America,"3,258,383",3252407,"2,806,918",3271564,3497335,3717922,3827108,8870,366.675,0.24%,0.04%
167,143,QAT,Qatar,Doha,Asia,"2,711,886",2695122,"2,962,425",2760385,2414573,1713504,645937,11586,232.6189,0.79%,0.03%
168,114,COG,Republic of the Congo,Brazzaville,Africa,,5970424,,5702174,5064386,4437884,3134030,342000,17.4574,,
169,161,REU,Reunion,Saint-Denis,Africa,"980,509",974052,"905,350",957822,922495,890130,785424,2511,387.914,0.8%,0.01%
170,64,ROU,Romania,Bucharest,Europe,"19,959,097",19659267,"19,062,255",19442038,19906079,20335211,21919876,238391,82.4665,1.19%,0.25%
171,9,RUS,Russia,Moscow,Europe,"144,546,040",144713314,"145,899,956",145617329,144668389,143242599,146844839,17098242,8.4636,-0.19%,1.8%
172,76,RWA,Rwanda,Kigali,Africa,"14,029,685",13776698,"13,466,174",13146362,11642959,10309031,8109989,26338,523.0731,2.31%,0.18%
173,228,BLM,Saint Barthelemy,Gustavia,North America,"10,994",10967,"9,907",10681,9643,8988,7082,21,522.2381,0.25%,0%
174,211,KNA,Saint Kitts and Nevis,Basseterre,North America,,47657,,47642,47790,47403,45461,261,182.5939,,
175,190,LCA,Saint Lucia,Castries,North America,"180,251",179857,"184,831",179237,175623,170935,159500,616,291.9756,0.22%,0%
176,220,MAF,Saint Martin,Marigot,North America,"32,077",31791,"39,234",32552,35020,36458,29610,53,599.8302,0.9%,0%
177,229,SPM,Saint Pierre and Miquelon,Saint-Pierre,North America,,5862,,5906,5978,6052,6274,242,24.2231,,
178,199,VCT,Saint Vincent and the Grenadines,Kingstown,North America,,103948,,104632,106482,109308,113813,389,267.2185,,
179,188,WSM,Samoa,Apia,Oceania,"225,037",222382,"201,011",214929,203571,194672,184008,2842,78.2484,1.48%,0%
180,218,SMR,San Marino,San Marino,Europe,"33,642",33660,"34,017",34007,33570,31608,26823,61,551.8033,-0.05%,0%
181,187,STP,Sao Tome and Principe,São Tomé,Africa,,227380,,218641,201124,182138,143714,964,235.8714,,
182,41,SAU,Saudi Arabia,Riyadh,Asia,"36,838,265",36408820,"35,659,227",35997107,32749848,29411929,21547390,2149690,16.9368,1.48%,0.46%
183,72,SEN,Senegal,Dakar,Africa,"17,670,492",17316449,"17,462,688",16436119,14356181,12530121,9704287,196722,88.025,2.58%,0.22%
184,105,SRB,Serbia,Belgrade,Europe,"7,161,948",7221365,"8,674,489",7358005,7519496,7653748,7935022,88361,81.7257,-1%,0.09%
185,196,SYC,Seychelles,Victoria,Africa,"107,660",107118,"99,124",105530,99240,92409,80060,452,236.9867,0.51%,0%
186,102,SLE,Sierra Leone,Freetown,Africa,"8,753,123",8605718,"8,238,113",8233969,7314773,6436698,4584067,71740,119.957,2.15%,0.11%
187,113,SGP,Singapore,Singapore,Asia,"6,007,000",5975689,"5,925,135",5909869,5650018,5163590,4053602,710,8416.4634,0.65%,0.08%
188,214,SXM,Sint Maarten,Philipsburg,North America,"44,222",44175,"43,412",43621,40205,33034,30489,34,1299.2647,0.11%,0%
189,116,SVK,Slovakia,Bratislava,Europe,"5,816,436",5643453,"5,460,937",5456681,5424444,5396424,5376690,49037,115.0856,2.69%,0.07%
190,148,SVN,Slovenia,Ljubljana,Europe,"2,119,675",2119844,"2,078,724",2117641,2080862,2057286,1984339,20273,104.5649,-0.01%,0.03%
191,166,SLB,Solomon Islands,Honiara,Oceania,"737,206",724273,"714,126",691191,612660,540394,429978,28896,25.0648,2.23%,0.01%
192,70,SOM,Somalia,Mogadishu,Africa,"18,030,114",17597511,"16,634,297",16537016,13763906,12026649,8721465,637657,27.5971,3.1%,0.23%
193,24,ZAF,South Africa,Pretoria,Africa,"60,303,161",59893885,"60,474,550",58801927,55876504,51784921,46813266,1221037,49.0517,0.87%,0.75%
194,29,KOR,South Korea,Seoul,Asia,"51,791,782",51815810,"51,331,264",51844690,50994401,48813042,46788591,100210,517.0722,-0.06%,0.65%
195,86,SSD,South Sudan,Juba,Africa,"11,051,470",10913164,"11,493,450",10606227,11194299,9714419,6114440,619745,17.6091,1.61%,0.14%
196,30,ESP,Spain,Madrid,Europe,"47,528,638",47558630,"46,736,811",47363807,46431342,46572772,40741651,505992,93.9909,-0.08%,0.59%
197,61,LKA,Sri Lanka,Colombo,Asia,"21,881,995",21832143,"21,547,096",21715079,21336697,20668557,18776371,65610,332.7563,0.28%,0.27%
198,32,SDN,Sudan,Khartoum,Africa,"47,855,448",46874204,"45,532,863",44440486,38171178,33739933,26298773,1886068,24.8529,2.63%,0.6%
199,170,SUR,Suriname,Paramaribo,South America,"621,949",618040,"594,817",607065,575475,546080,478998,163820,3.7727,0.84%,0.01%
200,87,SWE,Sweden,Stockholm,Europe,"10,599,215",10549347,"10,196,161",10368969,9849349,9381729,8871043,450295,23.4276,0.59%,0.13%
201,101,CHE,Switzerland,Bern,Europe,"8,785,085",8740472,"8,752,564",8638613,8281732,7822435,7182059,41284,211.7157,0.64%,0.11%
202,60,SYR,Syria,Damascus,Asia,"22,995,980",22125249,"18,646,187",20772595,19205178,22337563,16307654,185180,119.4797,4.98%,0.29%
203,57,TWN,Taiwan,Taipei,Asia,"23,917,484",23893394,"23,877,855",23821464,23512136,23083083,22194731,36193,660.1662,0.13%,0.3%
204,95,TJK,Tajikistan,Dushanbe,Asia,"10,104,930",9952787,"9,873,338",9543207,8524063,7621779,6272998,143100,69.5513,1.92%,0.13%
205,22,TZA,Tanzania,Dodoma,Africa,"67,037,819",65497748,"62,539,416",61704518,52542823,45110527,34463704,945087,69.3034,2.96%,0.84%
206,20,THA,Thailand,Bangkok,Asia,"71,781,973",71697030,"70,039,646",71475664,70294397,68270489,63066603,513120,139.7276,0.15%,0.9%
207,155,TLS,Timor-Leste,Dili,Asia,,1341296,,1299995,1205813,1088486,878360,14874,90.1772,,
208,100,TGO,Togo,Lomé,Africa,"9,011,968",8848699,"8,596,357",8442580,7473229,6571855,5008035,56785,155.8281,2.32%,0.11%
209,233,TKL,Tokelau,Nukunonu,Oceania,"1,893",1871,"1,373",1827,1454,1367,1666,12,155.9167,1.18%,TKL
210,197,TON,Tonga,Nuku‘alofa,Oceania,"107,773",106858,"107,407",105254,106122,107383,102603,747,143.0495,0.86%,0%
211,153,TTO,Trinidad and Tobago,Port-of-Spain,North America,,1531044,,1518147,1460177,1410296,1332203,5130,298.4491,,
212,79,TUN,Tunisia,Tunis,Africa,"12,435,699",12356117,"12,003,225",12161723,11557779,10895063,9893316,163610,75.5218,0.83%,0.16%
213,18,TUR,Turkey,Ankara,Asia,"85,724,172",85341241,"85,484,777",84135428,79646178,73195345,64113547,783562,108.9145,0.56%,1.07%
214,111,TKM,Turkmenistan,Ashgabat,Asia,"6,499,368",6430770,"6,168,788",6250438,5766431,5267970,4569132,488100,13.1751,1.33%,0.08%
215,212,TCA,Turks and Caicos Islands,Cockburn Town,North America,,45703,,44276,36538,29726,18744,948,48.2099,,
216,227,TUV,Tuvalu,Funafuti,Oceania,"11,396",11312,"11,931",11069,10877,10550,9638,26,435.0769,0.74%,0%
217,31,UGA,Uganda,Kampala,Africa,"48,310,113",47249585,"47,942,521",44404611,37477356,32341728,24020697,241550,195.61,2.82%,0.61%
218,38,UKR,Ukraine,Kiev,Europe,"36,469,195",39701739,"43,312,073",43909666,44982564,45683020,48879755,603500,65.7858,-7.45%,0.46%
219,97,ARE,United Arab Emirates,Abu Dhabi,Asia,"9,501,426",9441129,"10,051,436",9287289,8916899,8481771,3275333,83600,112.9322,0.8%,0.12%
220,21,GBR,United Kingdom,London,Europe,"67,690,467",67508936,"68,401,087",67059474,65224364,62760039,58850043,242900,277.9289,0.34%,0.85%
221,3,USA,United States,"Washington, D.C.",North America,"339,622,662",338289857,"334,058,426",335942003,324607776,311182845,282398554,9372610,36.0935,0.5%,4.25%
222,200,VIR,United States Virgin Islands,Charlotte Amalie,North America,"98,750",99465,"104,010",100442,102803,106142,108185,347,286.6427,-0.72%,0%
223,133,URY,Uruguay,Montevideo,South America,"3,423,108",3422794,"3,491,832",3429086,3402818,3352651,3292224,181034,18.9069,0.01%,0.04%
224,43,UZB,Uzbekistan,Tashkent,Asia,"35,057,115",34627652,"34,207,969",33526656,30949417,28614227,24925554,447400,77.3975,1.55%,0.44%
225,181,VUT,Vanuatu,Port-Vila,Oceania,"333,219",326740,"318,774",311685,276438,245453,192074,12189,26.8061,2.38%,0%
226,234,VAT,Vatican City,Vatican City,Europe,518,510,800,520,564,596,651,1,510.0,1.57%,VAT
227,51,VEN,Venezuela,Caracas,South America,"28,723,304",28301696,"28,842,889",28490453,30529716,28715022,24427729,916445,30.882,1.9%,0.36%
228,16,VNM,Vietnam,Hanoi,Asia,"98,725,092",98186856,"98,655,916",96648685,92191398,87411012,79001142,331212,296.4472,0.68%,1.23%
229,226,WLF,Wallis and Futuna,Mata-Utu,Oceania,,11572,,11655,12182,13142,14723,142,81.493,,
230,172,ESH,Western Sahara,El Aaiún,Africa,"584,685",575986,"620,280",556048,491824,413296,270375,266000,2.1654,1.96%,0.01%
231,46,YEM,Yemen,Sanaa,Asia,"34,295,374",33696614,"30,882,462",32284046,28516545,24743946,18628700,527968,63.8232,2.24%,0.43%
232,63,ZMB,Zambia,Lusaka,Africa,"20,455,185",20017675,"19,238,117",18927715,16248230,13792086,9891136,752612,26.5976,2.76%,0.26%
233,74,ZWE,Zimbabwe,Harare,Africa,"16,593,332",16320537,"15,229,891",15669666,14154937,12839771,11834676,390757,41.7665,2.11%,0.21%
